timestamp,temperature,humidity,accel_x,accel_y,accel_z,gyro_x,gyro_y,gyro_z,distance_1,distance_2,distance_3,distance_4
0.0,20.099342830602247,62.08955523881146,-0.07972138293971837,0.5378494308322675,1.0281485141792799,-16.62587088704651,5.9745173004807235,-23.709404652525652,19.521646775185925,20.33624801060182,19.56361342791392,20.569099254439976
0.1,19.992346806434096,62.32264415922281,-0.017969551131688792,0.45381073597809524,0.9857685279492145,-19.77160798327999,-1.8252978099713815,-18.241685542258864,20.21384020329428,20.254692563286774,19.871673420824386,20.406485296902858
0.2,20.169535041006803,62.874671300652174,0.02425578549788966,0.5431563309957715,1.0053825817717634,6.821512477181834,-6.010710991038508,23.155755579458692,20.550645682857322,19.976420248531184,19.629711220804687,20.45815208203553
0.30000000000000004,20.3645969716866,62.87484974611019,0.03832743357590387,0.5670530700700297,0.9898782267024858,10.323786324345058,18.166682478591262,2.476476794750848,19.864063511783854,19.961246908785732,20.022008261396113,20.602428962234097
0.4,20.0331479934286,60.47247173274436,0.02544554280754144,0.5193763049364482,0.9919567840093719,-23.420692758717898,0.954089256810903,23.291108057661,20.09033784370058,19.98724145075222,20.020730996695452,20.179407746754322
0.5,20.05313094715152,60.94107381186915,0.09104254660547184,0.5918161571339003,0.9969585729652021,21.81061231218449,-1.0409061185134512,-3.3751060834933995,20.185767297330013,19.810927945638934,20.49175623234607,20.258818302400574
0.6000000000000001,20.43577057606037,62.422354805408375,0.018446302904221903,0.4583973732950547,1.0141359197726914,-22.40143581742638,-23.717896709678215,-9.409193345737021,19.901854099134074,20.861963700154746,20.739936922814813,19.968752666193232
0.7000000000000001,20.29337264050565,62.44918771825202,0.07660689453547723,0.43380351304339443,0.9943429482297754,2.0648167650535214,-7.937608618692181,0.3070931420122065,20.511015926072968,20.122775564850887,20.809977276851406,20.125274610124603
0.8,20.065934510751354,62.478191849487025,0.10160570555414254,0.4058889393173418,1.0476061503069587,10.453025972545824,-5.9902190607071475,-3.0244155683544953,20.23917857635534,20.77442124412865,20.062690625167132,20.533866295706908
0.9,20.288269107113212,65.84327685700606,0.13313968575843196,0.5682555519349162,0.9843170990400022,18.548456187304282,-5.058860955154977,-19.716765786912802,20.49118348879283,20.931896931999002,20.23968176173221,20.804924286097545
1.0,20.10698329473116,62.58849454489062,0.15478234238148122,0.5246401292117636,1.0067640486378855,10.704346606621392,4.008618461366613,7.041315734510313,20.004139750745917,20.758460981125943,19.685761344978378,20.303358111594356
1.1,20.126410650960295,63.17988448103059,0.07470566925662817,0.48745174450719586,1.0003854150995803,15.086404153489589,1.6801273363439222,-14.19809087452002,20.219867697321167,20.222202892363313,20.072502990852055,20.214775311509968
1.2000000000000002,20.287816868891046,63.02469024078197,0.06591586731949968,0.5023797104789727,1.058185346863679,-8.027490372859695,5.395254639672231,5.979397744891479,20.7194610983012,20.592000591304732,20.81644920840907,20.430719738712728
1.3,19.87661223630783,62.74810290271269,0.21813217223021852,0.4300988966461903,1.0218620825881974,15.741255687325612,13.244163077106414,7.51005461990767,20.316970839564913,20.456425857845254,21.112337229820913,20.706586799973266
1.4000000000000001,19.934102662785868,61.80711784343367,0.18242908973744787,0.6064954371297464,1.0481002265568318,-20.994257680766243,15.649286935804675,-17.398757343567596,21.192418067941475,20.14015178315606,20.007892978696145,19.924090600994695
1.5,20.186418759099006,62.90668274969218,0.13988779716897612,0.4883465072817067,0.9737468152631933,19.74083280302638,10.906153811324721,-21.93251864446659,20.377234246031634,20.666832432966114,20.300103016616315,19.61861633902258
1.6,20.116070189161608,61.39986451925343,0.26629753514579685,0.4848766712775073,1.0274824250915104,2.3796188076868106,22.776184797746737,14.038079303421988,20.66234146355995,20.100851656795275,20.561905270475627,20.35225283346256
1.7000000000000002,20.401214164653048,61.96049587128126,0.20587598699913165,0.5130614224544997,1.0473049629558744,15.864888498124685,-24.08837086618192,-2.0099788115339905,20.98080032464883,21.082835747284218,20.719828455427436,20.11947902153393
1.8,20.176454331747404,61.73622300745307,0.27032939916824533,0.49803524224790113,1.0242167963838242,-2.384085774084994,-15.211100715822695,-22.09181022472621,20.075626600402153,20.45712597465601,20.319131485606707,20.43971681451644
1.9000000000000001,20.09525704968594,62.327378915633105,0.22592820571829508,0.4822371043539623,1.0548313336109083,7.178884759826246,-24.621856251092893,24.74331585848836,19.9737656834732,20.758553070614646,20.847713626051146,20.618977080738524
2.0,20.690468415374433,64.58372653560058,0.33668840162928965,0.42842468906670184,1.0084526234271989,1.3201330468056618,7.373735707730148,-22.110971950181668,20.102845353453365,20.82642302789986,20.523572140453037,20.531808515672196
2.1,20.371764539594892,60.42500978613954,0.33242331395790237,0.48827572720286155,1.0673410734392572,11.579476087766594,19.901527447499348,9.75176144292766,21.253057505365796,20.644461874513294,20.74224295564361,21.329010877783222
2.2,20.449964887099323,63.001384858895115,0.24311547161564614,0.5554068721938517,1.0951013051551106,-20.91850089847052,-12.825885171185035,24.183946263170682,20.56208887620763,21.01750965515472,21.001345833766088,20.913530040405536
2.3000000000000003,20.171005409827686,60.72490004747515,0.31494741172702967,0.5250305287075973,1.0163065827209923,-21.98239580047181,21.351727239815332,-13.040994789203719,21.84080739292694,20.62756621601063,20.820096586584015,20.937717422503972
2.4000000000000004,20.366528707949232,61.88781576130768,0.30933630280414715,0.5337244266794503,1.0148670480277286,-12.644838299492678,-21.986630485521957,-17.88753156564019,20.62640646071867,21.200624419164523,20.677551143970998,21.100988357798986
2.5,20.51699243645102,63.47046930633563,0.3560869010391392,0.42466276735477915,1.072856397960554,-17.02276599434058,21.721801340275718,-18.930753028878556,20.960381141262832,20.348168747885317,20.842716698413685,20.43102737287171
2.6,20.28396238829985,62.46720811779503,0.2498819096772368,0.3967558975001993,1.0776464846587235,18.589178329610085,-7.4188656380182785,-9.836242621620222,21.537732057616253,20.97143990840767,20.88554289290697,21.33653279155721
2.7,20.608602477046798,61.34622996810593,0.3427841679917898,0.43581480323968913,1.015559065021787,-14.039300632097785,-19.928958577539174,-19.947709449467666,21.757520082166096,21.73065452652576,20.807078514949595,20.924777212288262
2.8000000000000003,20.432583559144465,61.72935391083379,0.3716329430950094,0.4406151677137797,1.0196052798490087,23.793262790956568,-0.7064120406837198,9.608067084706597,21.813741677579248,20.589007717082456,20.885621821857846,21.257332493821174
2.9000000000000004,20.513565700251018,63.14457345635312,0.24087738775396839,0.4881214181368915,1.0247032338673523,-8.155210411444656,-12.161171613974602,-21.885410093496866,21.506401624697858,20.75195714425066,21.66251400066249,20.59431223924454
3.0,20.470699090876803,61.75456138070995,0.2796225584037324,0.34423110919617106,0.9937484226701384,-15.894104215565036,-10.756354901903858,0.4711064074894864,21.466447710149854,21.262385839688836,21.281190479001765,20.43531919341884
3.1,20.980572909788677,62.7209721470427,0.246659487434378,0.500635410068707,1.0074262453728045,14.484925357123956,-9.635501753685672,24.83484269264884,21.32744886622782,21.162270799323185,20.97224595933568,21.417593949757357
3.2,20.62643367628465,62.569303222735385,0.34484692309520737,0.4114236291332973,1.005743581542414,7.935388775043805,15.151294891633171,15.698513475300942,21.43524088253588,21.26414849177865,21.402678213873518,21.27446026250823
3.3000000000000003,20.436543870998555,61.89098019926422,0.40374722397385837,0.3930102432158569,1.013693462159205,-0.09021417734305004,1.9580638337627256,5.760971911550545,20.936718691912677,21.352867830503158,21.023665182541688,20.796372356701085
3.4000000000000004,20.831483166702267,64.70500421529617,0.4523936670158826,0.35864510343379785,1.0365234736354112,2.76817754688156,-9.434615042199818,-9.687318960669417,20.86304331766076,21.44421145845439,21.65957272606434,20.842457638519804
3.5,20.441626884916698,63.213088236956324,0.3902353513636034,0.3212709205627875,1.045403617087897,10.960088913613191,5.51668916554592,6.194791814581922,21.221931576214327,21.6671612959612,21.37113823605795,21.67345527294462
3.6,20.74632118555113,60.57176433887312,0.47706158046144853,0.4398048183913691,1.0856813602657964,-13.577262933435064,10.807533711159678,1.3520731955825802,21.18798984791587,21.419991159697243,21.213142839324146,20.78029893977891
3.7,20.331296839153968,62.80072670427324,0.3355676740661425,0.3968155646795123,1.009980416937777,24.816695802837096,-11.368799963323312,-3.6958308054814246,21.107373943940168,21.19216210182366,21.46775193399519,21.945734344973463
3.8000000000000003,20.47620372904628,61.969478290884894,0.3281837450985731,0.3230276214072066,1.070200447193766,23.739658107339153,-4.322544923732423,-18.464481162990026,21.599636043842235,21.59011054534064,20.69273060403215,20.9608327710004
3.9000000000000004,20.799749077420145,63.50031652615285,0.4191902665754153,0.3170221729393718,1.0349654290815977,7.5162843173468445,-18.90569533315262,19.330210762023334,21.7354288160857,22.113259506615584,20.902599745093575,21.60866350290085
4.0,20.92653000061638,61.8716061438811,0.4496169269866791,0.3591136296059412,1.0405896379508217,-15.022877453542744,-15.942532523265985,-2.5107675589338747,21.420700281141187,21.332284028071417,20.907767524064823,21.253890136324852
4.1000000000000005,20.831492312206837,62.565258591120305,0.437052760431433,0.45335890462305406,1.0629802942387028,9.011412121564568,9.055892698249139,-15.268874408961747,22.00818086680352,21.02735711251316,21.4743460722869,21.658443806814354
4.2,20.792391249641494,63.2004741436211,0.34341376698052184,0.3508133776780716,1.0096895006328317,-21.390079551041207,-15.928082615218653,-6.61203245613552,20.99212042662169,21.89162833998988,22.141802072069126,21.231150471429412
4.3,20.77352086574056,63.57635681354758,0.45024953576152676,0.28240304874618044,1.0554517999072108,-23.467374889709696,1.258169183353008,-4.29351237355365,21.402750902325973,21.432062220456423,22.372734744514915,21.415097523608942
4.4,20.556174532058513,61.5250421491219,0.39721985231413903,0.33892444797789095,1.0495539342494633,-12.115855574439315,10.452313086121634,16.37689477834371,21.224691223202523,20.64235233303803,21.766640592019947,21.527787821601933
4.5,20.72596222654352,62.405195717093406,0.503479773217992,0.33111303798849,1.0598869176251993,-1.8688521630341839,-19.656153845262807,11.6807190280701,20.795793328130117,21.881376645819508,21.742745764937123,21.14153299264675
4.6000000000000005,20.795768459739083,62.27873079492796,0.49569088432666214,0.20333080389217567,1.0543132563302604,18.413625270419026,3.365610981445176,13.465244682066988,21.540101420054828,21.35904242001034,20.85275060073081,21.86950343255996
4.7,21.11719701600192,62.11394609809196,0.43754087092670085,0.3287767464909918,1.1197934961308784,11.358453488315398,-12.171860814931811,-24.44843677856764,21.555013876177604,21.567499566609253,21.386643359637308,21.398427452942283
4.800000000000001,20.99228200899666,64.54594820058641,0.46582159511376436,0.31315371674123216,1.0274697547708218,12.135326059999052,23.14634376187899,-4.192300091011923,22.23940103008333,21.766813265014083,21.31890763202318,21.542581166650468
4.9,20.58864374526977,63.1983130582586,0.44533774620073474,0.35261451482395606,1.031110383308639,-3.7253332775962313,-0.8227176640037648,-0.9327924182338201,21.916418763644398,21.740293961734114,21.41575505052204,21.26635433997908
5.0,21.023667871087362,61.54490290827823,0.5017486360210792,0.4032527888825995,1.0287550151750364,-7.703250372651855,15.299627488757906,-24.040386158847166,21.284252690453425,21.97770814704072,21.62666989275119,20.66899395666698
5.1000000000000005,20.89933803768255,63.735721842989214,0.5590219291946797,0.3600333250687999,1.0311642021772416,-6.448061850769864,2.511327107813088,-12.00933956274829,22.465153854459984,21.549322279698373,21.53468059684746,21.64710572288624
5.2,20.858375875626283,64.95170605269756,0.4681562340292258,0.28306233073269016,1.029056295451664,24.382478186802892,-22.82937335725904,13.01449115610675,22.241271530432655,21.958100371492947,20.9611381280722,22.71790422086768
5.300000000000001,21.13340194017787,63.87332142961019,0.5486156151828839,0.23388609589423642,1.0841676890978609,-22.994540429375874,6.657568779701116,-18.14451471355005,22.01478594937557,21.67812819695456,22.081110970435137,22.095788583147336
5.4,21.234471887805416,61.33240831609569,0.5026618032123464,0.4104923052799127,1.0914012953310288,18.35157480612243,22.570167110332854,1.765506572629583,21.720185446944,22.106303278838933,21.38168187618801,21.803074934590175
5.5,21.231630481684558,62.37808158660929,0.49508077442374393,0.2773058519915182,1.0319222640386736,3.9337704286196704,5.08059100731656,-14.239906399138125,21.45557486123091,22.085497549525524,21.93504930156476,21.734194224236994
5.6000000000000005,20.89452889119724,64.13937893419381,0.534708747308175,0.2674731247023445,1.024301819306296,-3.069229040520476,15.959442971339513,-24.393961267805338,21.718774451626576,21.493481681237157,22.697290229954987,21.876643519179815
5.7,21.017421622297697,62.174564695573736,0.4934179815485612,0.2579157022629629,1.0636119931391068,11.262883020756824,19.21032316742039,-12.939927120022926,22.33119427666733,22.330087675255665,21.527940992151084,22.11454247485574
5.800000000000001,21.16230055986446,63.33543373762727,0.5223993999957011,0.2612875379214517,1.0330689582234505,-0.6665529287648582,-13.596011402553376,23.793687745502687,22.677294041110553,21.70907414069109,20.911344509638177,21.45113439261317
5.9,21.30783107125004,63.67524182367672,0.4948697128153697,0.23634517656137297,1.0687587065236495,18.67116190408303,-14.397758004588667,15.076855594149478,22.56824464514967,22.274170353153252,21.83654554508875,22.396675911708343
6.0,21.033450099221014,61.982283631235674,0.6574597082261553,0.20698108174285815,1.0559624399557417,20.035093200562926,5.549049442549585,22.97883221605167,21.78261424719991,22.125068941274957,22.41853786991385,22.264306542090917
6.1000000000000005,21.1086031248682,62.8579075294098,0.565222791390027,0.2003458668207221,1.004475253124666,-3.91395365632723,-4.448576509664765,-0.6072978036818775,21.557228973912384,22.74034941794604,22.78841492891623,22.292350237511165
6.2,20.940803326273404,59.68399637543312,0.5324841242700942,0.21800201298391592,1.0964143442493697,-11.158610138247422,16.99306514333602,-19.513190066124825,22.088063649834393,21.942322758121172,21.539889313288946,22.2070994465938
6.300000000000001,20.939048191068405,61.908318567862146,0.5819532004910205,0.1843481392162043,1.1038758884218058,4.617516429668111,20.00115616990056,2.3979744486846464,21.35067404607972,21.918323073857582,22.256729481599468,22.065896455382457
6.4,21.356896047203623,62.68719185048047,0.5691931136889935,0.1676882594891644,1.0315950194375436,20.618167280834548,-7.328931034864095,-2.2811332720019557,22.21336116359992,22.076326235570914,21.897969895213986,22.353238572312737
6.5,21.481620817186243,61.698641565934494,0.5670864312736547,0.20039735353870997,1.038295520228912,-14.466890549716672,-13.156472051275896,17.217854136980797,22.050797223081766,21.98856634446752,22.067458915879577,22.346563911097785
6.6000000000000005,21.2118316796308,64.585111424634,0.6119373950731306,0.174009071947812,1.058419213144443,6.148329178174137,14.026275762193094,-20.09587096078777,21.948864023465845,22.455255384989965,23.193015963019956,21.99366233983673
6.7,21.442678553651525,61.52844443483002,0.621966110519557,0.2535791649762363,1.0597624891083397,6.578011004626028,-11.259698222593196,-0.5879431489110907,21.522530287486195,21.513887271018277,21.55922338303485,21.930970805234153
6.800000000000001,21.329913253046463,62.52403704906951,0.5601937040806635,0.03739481445310819,1.0693395687028084,11.655651120764048,16.130715925683923,-17.49756676530079,22.39067335167567,21.76376034138924,22.28672917364561,22.225975827152578
6.9,21.144050413522912,63.09992759762666,0.5603212061911818,0.21602737665040805,1.1097128438881858,-18.42161574363701,-3.813087317561859,-8.766203655497002,21.99666009801745,21.782619265250535,22.396817702588386,22.82934849448029
7.0,21.360714495577067,64.41517530541127,0.5775172531354938,0.21521271381402612,1.0438908805188754,10.79124823410443,8.377494964573522,11.867853869389982,21.765962625628465,22.61405239670201,22.66824388988832,21.73828652965102
7.1000000000000005,21.611274855336266,61.54236414156692,0.4780949994742526,0.04064582170206833,1.0250122216667112,20.451626033282047,-20.22323430826659,-1.1990935315616724,21.10889171866267,22.9420419530081,22.296989865363688,21.670786497674353
7.2,21.311604136120955,64.1453233898105,0.5191154558050842,0.11854107584624993,1.0073128047034738,-16.015844556487902,6.192966233828649,-6.205585742711534,22.270332767208302,22.23955904181357,22.4045589450302,22.347243065723166
7.300000000000001,21.646668001170198,62.99593491935916,0.664664731419213,0.10841957681754712,1.0264652917332378,-13.122833753806118,-2.4116160631385455,-5.276186071498234,23.013452984314814,22.237023656370912,22.1478929186782,22.324907426389323
7.4,20.824626802438342,62.00734413018239,0.6797768923976482,0.047891055774507654,1.0470699509625512,23.56975470208198,4.330423158773705,-2.02766157970067,22.991937796328894,22.35545497575502,22.43508488700779,22.39677077625791
7.5,21.527658020921713,63.45371572619654,0.5860451899846137,0.0706125091669771,1.1015410249860182,-15.951152364525512,-16.599289612756827,14.250827191852842,22.16714222624794,22.814732049925727,22.212703818683487,22.44756200804585
7.6000000000000005,21.395252303868737,63.1930398308083,0.6280539345381381,0.04517577618396719,1.0317866654132855,17.719254668478953,11.843687247209104,19.60423444701172,22.131304129946233,22.001247700414716,22.620817710033364,22.282908052237023
7.7,21.33246900716154,62.395739437950446,0.6152780060904643,0.17948668813995167,1.0536097878998532,-0.3861071775982623,18.13985387716143,22.766734325196417,22.581565290619178,22.489403181283084,22.246211453771714,22.990000963630003
7.800000000000001,21.42491099370792,63.067342779714075,0.7539090725607417,0.12979591703557913,1.0459552988680108,-12.638446279841148,-14.163009995461218,14.345169312764753,22.016223306744287,22.805656534332577,22.56641763998048,21.775215891029
7.9,21.023192761915038,62.61341959958324,0.655953333470973,0.13770168837638036,1.0816225918739963,18.53749506362557,-20.214272223991912,-9.229655212599363,22.557468297594458,22.637189205642606,22.42504641219268,22.10535272775457
8.0,21.390777804231544,63.113051107090975,0.5933482822508649,0.10129545757123454,1.1212728441174928,-2.7347372498667255,-23.81807069768318,9.406735304327107,22.76400681625687,22.533407351542493,22.907994805211864,22.416272800843377
8.1,21.519996863042635,63.662073026201746,0.551496824052293,-0.00017394151973676442,1.0290044717597617,0.7408676964845107,7.098575022163303,-3.119843797230402,22.968817275182207,22.878462422655343,22.45748649619309,21.820768461166818
8.200000000000001,21.757870468402096,64.58597576209245,0.5182415127786255,0.02110119260986679,1.0296849351561221,-7.038331530011714,5.354701804439038,-12.266468897697441,22.4580948017101,21.41686351510239,21.788943445019328,22.427814670529255
8.3,21.372208698565196,61.761768044998945,0.6077875757432831,0.06282915926727697,1.0751027995982632,4.647542571746371,2.3348706357035027,17.043578971296128,22.436439648695437,22.789059276578584,23.02267774905182,23.18249721505743
8.4,21.32758751936308,65.13184953836769,0.5586083840546303,-0.03172516240082799,1.0636172130212331,-16.823806370748862,-13.402645194201229,-23.07868255188375,22.186106255961242,22.2756690174129,22.17500637031882,22.54565388598225
8.5,21.402209401563677,61.04556904368295,0.5238862007915973,0.05604242712941492,1.0979172092630036,-5.445923167411966,-5.454700204724265,20.088099606771173,22.225571924232145,21.824070907105504,22.29481753038856,22.64860442813556
8.6,21.698765549330968,62.84432054407878,0.5610052153906945,-0.0006190937035143156,1.0593627850997038,23.470616116764376,4.723816759308651,-1.926126768763293,22.484389178023523,22.779461774594125,22.33671621716674,22.0709148287151
8.700000000000001,21.594408095982946,63.58247983393142,0.5373541071206124,-0.016342886174879546,1.0303689751402145,-12.093328364943623,-0.16165705704153055,6.860073840414021,22.74021281367039,23.1427300290091,23.143041848212246,22.346722047728125
8.8,21.43552571704453,63.27281977114511,0.6736496720361993,0.028946353630000102,1.0581444651117489,7.836833227064609,24.389276010744368,7.967696110289133,22.976612911686164,22.556199655341786,21.756909375601385,22.46110050906329
8.9,21.65679698167632,62.36640206158448,0.6309999519322994,0.0066138606865109115,1.0729377457388853,-8.740496788765256,-18.178012372163344,19.755887035326822,22.30744392589696,23.009865325050274,23.883814919633096,22.501629467466604
9.0,21.586069329124573,62.77786154466378,0.5839099464610863,-0.042640219248039166,1.063518125280317,13.673656284330029,9.757227702379687,6.833484108360366,23.242948848238655,23.2907847238503,23.068296144281266,23.15853093865635
9.1,21.77273647748648,62.48947376237012,0.6554626842727752,0.02438994070585542,1.053324588779579,-18.45631696408251,-4.784061594785392,5.696679238003089,22.55420089352303,23.188616115373677,22.75194589959172,22.885726758230106
9.200000000000001,21.450792621297264,62.38920970242963,0.5822582130738498,-0.09660347583932247,1.0692855012965108,23.491052253927236,-3.5900192537192623,-21.667397971965503,22.670496912438853,23.335029641926784,22.65708622993171,22.234460647403413
9.3,21.537707452448,63.82388537018764,0.5320185597809354,-0.02071350318104617,1.0715197190104893,-2.3105229308180384,10.879888282908809,0.9204010972602035,22.396166877075082,22.99190254516297,22.809273178677277,22.793653460107016
9.4,21.536694570183798,63.32661683463956,0.6477019204264401,-0.030798505817515753,1.077038437370668,-13.197476832676802,9.621807566218479,-17.491549959147918,21.740975080415033,22.740844640084845,22.919120155875945,22.909959883922923
9.5,21.334128019952324,62.27161932005025,0.5947255547966817,-0.08485458944188831,1.0541455482253528,-21.325162633499367,24.562799685109418,11.87168843607428,23.07951864689207,22.08511416358878,22.98398672272767,23.181960103756154
9.600000000000001,21.697607192014914,63.85866609705726,0.511924976494872,-0.061971837496580334,1.028759616618052,-16.512104745622963,-18.58028552729374,0.6110960406337256,23.035474826048077,22.642312271959124,22.962979053612482,23.372953541838452
9.700000000000001,21.70198248111288,63.260513056161344,0.5500520745091398,-0.14971002701491232,1.0372423699254227,0.9886974278008829,-19.794517530791683,9.011388960417662,22.642648361796763,22.41788074651757,22.791011657146147,22.3491417079129
9.8,21.662017432312435,63.75983326191249,0.5113459998036629,-0.049800619575865596,1.0680835041019758,-8.149841178435686,11.216940856437056,-22.916354969880786,22.79602104789648,23.63760184800566,22.690289392883603,22.4448817565224
9.9,21.62513453052601,63.569968192789986,0.48132278662086897,-0.1140635959002861,1.0064075116424755,16.44416829413047,3.919345850320454,-20.760399197709837,22.98924706087027,22.712517048815695,22.722362060327224,22.279840230222785
10.0,21.39986782120571,62.10432347269768,0.591887333471991,-0.13973719837249543,1.0409838064713848,-3.4556238169097035,-11.291966672009707,10.816169403134111,22.17109891514706,22.845399180615473,22.718153945760605,22.702509314258887
10.100000000000001,21.609534624682958,62.36572784515778,0.6359467469370828,-0.06989633857753708,1.0171127669880344,-12.564286370618504,-21.02903155055067,-21.395783200066333,22.597339435022743,23.029554656377446,23.262468544708085,22.995503855739795
10.200000000000001,21.635673140593372,63.665404524263465,0.4652288118810705,-0.16627009762647785,1.0287465305576153,5.857249330201501,-20.717087520178474,-21.43716361173707,23.13910514041057,22.838840247110824,23.058821957474187,23.216333075197483
10.3,21.55414252453288,63.520295232508374,0.5577728723241129,-0.21013963115007062,1.0651915695510061,10.33886084427229,19.709543733205912,-24.394576238255627,22.3317159852754,23.511452170715405,21.657276300677392,22.803051345086093
10.4,21.692551312153476,62.88044983630471,0.4913476592484185,-0.22616641129537624,1.0315080406316703,-16.647904604952508,-15.406633764062855,22.82506991497401,22.96247940411451,22.59599648655408,23.107416541859763,22.717117221945923
10.5,21.815656622550943,63.00971811213244,0.4935693508010894,-0.12660478211215917,1.0260891113751889,-16.619039185584118,-8.831421894223961,11.875417972950345,22.313638302922186,22.934114006866444,22.93416550265906,22.916974221671044
10.600000000000001,22.121948144932077,64.1607081976003,0.4821445927197822,-0.22944623842649192,0.9828058428350964,-23.16642865332285,-13.6671798886506,-7.337429574896792,23.05364651317669,22.570086285924063,22.859591017624922,22.533017359551273
10.700000000000001,21.78931657111573,62.28173821841974,0.4621987204979966,-0.08615095664607653,1.044879895993148,11.820100753282027,-7.250184708403136,-10.17322093561724,22.863208568939395,22.349456157370106,22.722057780622833,23.713280650536298
10.8,21.81542569191445,63.410287503273864,0.5012561578644512,-0.28639669202857543,1.0407335194459237,8.190226381090255,-21.52880786269533,-7.514838512707524,22.241388727140222,22.64273381714031,23.33708654149683,22.244377042655202
10.9,21.75836464574574,62.65049268977549,0.4505148627522726,-0.10582789543191766,1.085129985784549,-1.2684562125093066,0.9529895454135193,13.732676559059094,23.3628977003495,22.882187239747264,23.276012543415774,22.97089819012492
11.0,21.39866047706306,62.624114579077144,0.49862068358074607,-0.18838856353482708,1.0098497025540265,17.20852244845986,-21.619371820389254,8.068530553520716,22.612308669635578,22.734424410547895,22.596994233225352,23.715587788046655
11.100000000000001,21.78609459627025,63.929298827962214,0.47542737786919514,-0.21199936089976557,1.0244963386649446,15.28350764750266,15.01782539111808,-15.740221606626603,22.590769187435754,22.637901770291965,23.07769107709132,22.917590100065507
11.200000000000001,21.812246926341217,63.64428082462364,0.45864215270733155,-0.2425668088297105,1.0242309180191178,4.267718219837608,-13.31439590447835,-16.29453323329578,23.003402966754106,22.360648302392995,22.534512594045214,22.847159673861132
11.3,22.30147280125471,63.620333488501956,0.41767341410999553,-0.20345143588142867,1.0628901167389926,18.41356402566293,2.0005957302255304,-20.080217514330133,23.390514421063205,22.89781725224024,22.379212215376146,22.78808131216755
11.4,21.77879479927554,64.09987950371459,0.4264898583801365,-0.2333049815141198,1.0115150346455186,-14.707939498161588,19.003954378072912,8.015135985066905,22.53219287962989,22.336633457608848,22.68783471738526,22.866364934516284
11.5,21.885837348987767,62.80259945817737,0.4851926885973199,-0.18419817797853383,1.0215429454412812,-19.404019030113606,7.54386845235971,13.218633111086795,22.97023253105627,23.24958297659292,23.290517980070184,23.49469998098769
11.600000000000001,21.826663863602484,63.45036221119566,0.4643847257993698,-0.2415143637265142,1.0301993617521954,-11.512519424150518,1.6478893275667659,-11.7476785837498,23.123702019509924,22.9851513205515,23.33342543752813,22.067430654845893
11.700000000000001,21.607765587948364,62.44457545616491,0.38220111360154796,-0.24749303318773036,1.016343430795775,-22.145657195534255,-8.78331234423122,-23.95275194845436,23.23560738238451,22.375344539693284,23.163599307518172,23.571738619997785
11.8,22.077776587719043,63.06506155238766,0.42761307473356686,-0.2808884865722234,0.9961281239315355,1.5584764000515996,-8.349904347090103,-20.891416626178632,23.03470548222365,22.84044522929281,23.254167174851958,22.3945459991327
11.9,22.00712454103569,62.59642583035642,0.4516143463027511,-0.2731697967946224,1.014113857024164,21.830284614748074,8.474347759909506,23.39300174225152,22.82265461567907,22.668603189076165,23.175937066158383,22.86280481961863
12.0,22.02228456134306,62.8088599342123,0.3218076442746218,-0.26245948468070335,1.0392649528987865,-23.032822966574518,24.706968061058376,-10.227761126128987,22.64333895631557,23.102044848742732,22.717782406485878,22.802677276455594
12.100000000000001,21.689354512147826,63.2919381993605,0.42351673038651694,-0.3707950294437841,0.9750209748158711,-18.89450429949866,8.09195949246893,13.461157391906681,23.01331358618955,23.515036211380256,23.151625050840575,23.21427734087929
12.200000000000001,22.158757574825355,61.8631005546566,0.35412981105332986,-0.3600404872359664,1.008562322336028,-2.390048585828236,2.889170868501246,6.233178442713189,22.554052466451385,22.23283908338733,23.303071881336702,22.34365833049213
12.3,21.60460739130494,64.75787219433825,0.40654831142719305,-0.26271780779515674,0.982323547855661,21.693750876395242,11.532525511962305,-5.903018017355205,21.817990382514594,23.032541007571403,23.288247107837865,23.171399642345214
12.4,22.008939417659132,61.643255610688534,0.3304615968563009,-0.29849037813078916,1.0379304319894098,-9.192194751162475,-1.739719385814091,-14.715636890222244,23.164346947000084,22.92566990711036,23.465288373926874,23.799446874651757
12.5,22.33606036387317,61.41849764008982,0.2688391814291479,-0.32328597817900345,0.9551339874679541,0.3617404344196231,-21.992882869960738,-18.930679092029678,23.35405889624664,23.26102099039235,23.27580649869259,22.44721535797504
12.600000000000001,21.706073418154894,63.773836386967716,0.26802126782029073,-0.3201165146530038,0.982811982213495,-22.921357047480395,3.114840793895489,5.75064840194333,22.04964300740735,23.080094632919163,23.13539526464072,23.070698448668246
12.700000000000001,21.79694216524883,63.39005429899429,0.3419779856022905,-0.31050651241104227,1.0096462996165503,-17.582839951895558,22.881264225269007,13.731689031889402,22.592823473225696,22.695928022414144,23.424775850436244,22.73192288399103
12.8,21.935961993595978,63.204805193978885,0.34259938694234976,-0.3616147360021106,1.0440470137056512,24.331506147942342,-16.234852882117018,7.1952126770565314,23.245845711106906,22.870562432438177,22.9875755030052,23.168538889182038
12.9,21.820974997588905,63.190953206019685,0.27430511327815216,-0.3801747264239145,0.9938619585574119,23.255934821802278,9.50024454103329,1.5151066624579173,23.822218712868526,22.68081018226245,22.64647066449276,23.00687963595015
13.0,21.61698368462116,62.53191267747317,0.3412304460317471,-0.3379894004765669,0.9779342574726986,-24.753000953279518,-14.953315567047177,-22.902438828418187,23.00814264376006,23.430228016129337,22.934598375112394,22.743230397072175
13.100000000000001,21.946082498186673,61.62808717009533,0.21588098233365488,-0.40310979697332905,1.0497841131624641,22.590589271161946,1.7913842236540631,23.42443887971919,22.70879665026483,23.00852248622526,22.702036768833903,23.195146740704914
13.200000000000001,21.72496945749131,62.58195945080611,0.2851895790608229,-0.34007326033118895,0.9486722982803502,6.955996890775019,-20.166177517664018,14.935709582728727,22.926579921878055,23.760214772621197,22.72966718833024,23.72147774223469
13.3,22.037015241969126,61.80943873204362,0.2173639489700842,-0.4517930240756465,0.9249167801040259,18.39591472600111,-2.481453187090743,-10.358898164951762,23.548997780382535,22.974782887197414,22.941239744437055,22.922685696032342
13.4,21.763084236543875,63.44179888599303,0.23463298133501465,-0.32126521186644286,1.00285533491793,-2.2630072183070453,12.808166444762307,23.99851646794253,22.73953839786041,22.714561362746043,22.68095610111024,23.2858272463695
13.5,22.261433596656826,62.29933461430817,0.25879786170611857,-0.35503151049161963,0.9733736826493206,0.7798014289625108,-7.6214237880508975,5.094079481816106,22.676692427751473,22.390883473366443,22.873184618555957,22.479060047263108
13.600000000000001,21.799078546403386,61.60024277053493,0.2025078335390125,-0.37167560580000447,0.956585960384737,-0.5576709871539904,8.245586224360899,4.1211329103623235,22.801285510448626,22.27312704881906,22.236937052539925,22.611808368594236
13.700000000000001,21.895403819556094,62.08333823741895,0.21530309012758006,-0.3410336840072433,1.0072692590799257,8.34321287730522,14.772498039486457,12.403658971476602,22.610633978961708,22.358311045062997,23.077282905214368,23.180927933417344
13.8,22.126410504218654,62.79627681509375,0.2737540641157552,-0.31245924057580726,0.9921369457777145,-18.017437262184355,21.358890973972635,15.58848940450688,23.03818521375615,23.095967747762824,22.98959927750312,23.582763498772618
13.9,21.721228766335763,61.797880307314934,0.18341401370452817,-0.3504509751243344,0.966714409324347,-23.501320506366103,-13.267895907227324,7.823930366575134,23.635709708143686,23.189328334047833,22.659002872328585,23.128083664270125
14.0,22.016391446897746,61.517283246688045,0.2427774956967999,-0.4985197301165273,0.9440517066553922,-9.603502920440455,-5.034204209534593,-18.59521268169,23.11136131584064,22.349653325781375,23.24582787396719,22.856906394384968
14.100000000000001,22.235628752884185,62.560730001672,0.13316143579735112,-0.4756297123872378,1.0074695902379345,10.234038136832332,-17.37919933347913,-8.086624700275081,22.877050066071824,23.336006792552787,23.353019521972964,22.977708029091684
14.200000000000001,21.655806878791196,62.53918997558172,0.20471501967986336,-0.44793326715687476,0.9996486269744618,-14.907327393852581,24.62417510791876,21.404182016302485,22.856699994058943,22.780200080951786,22.33040055587757,22.473261408037274
14.3,22.017135892380818,61.76410342790741,0.23880998652284685,-0.4202942553107723,0.9760264472023336,8.67162166624587,21.350048396214767,-13.769219407807403,22.34315304485914,23.027146573132022,22.663339456911316,23.21023549887995
14.4,22.034893255233058,61.776475216637,0.03158938479030175,-0.40048573202145354,1.0332730877166874,23.49560230536352,1.9978565140279798,-6.391648808124334,23.31625069720969,23.607895037652995,22.655349846435904,23.315940011280187
14.5,22.14179055643064,62.45567525187727,0.10370483475486536,-0.46728760920270496,0.944657517608635,-20.30496421052908,17.101664718821063,-3.3961558527902014,22.92602265770154,23.315893262852875,22.581196296063116,22.776321403373426
14.600000000000001,21.740346584647675,60.75129880909152,0.1607237736940969,-0.42615417545604223,0.9298949124394729,8.630105911256315,1.0478988636021107,-3.0297505152773923,22.878690495650932,22.84347020192485,23.282672397859884,22.762865601983382
14.700000000000001,21.725757376938304,60.76732444394761,0.10998572153091243,-0.4776126596676417,0.9538192437300641,-2.812489034771442,6.179284400137984,5.6469791247262755,24.22142549083036,22.5877055735263,22.866652008183294,23.050533755553232
14.8,22.09615000219866,61.43139750161989,0.12691505440510492,-0.4746278971191338,0.9721406124639104,18.40711271887527,-20.54377839419917,22.15379188723538,23.056559672456668,22.07633234857867,22.83125257258615,22.762370614694156
14.9,22.052872438732926,61.91109773489479,0.06633492964468218,-0.5184496867657752,0.9797566400793878,-16.142510527630705,12.763521024840394,-12.965364408374752,22.628795203140196,22.641850295481305,22.12796667741557,22.903058577327943
15.0,22.045088543277284,62.409806514665014,0.08900149420956532,-0.4981977333140757,0.9641848523271929,9.631297611308227,-18.614325818238257,-18.924931184954097,22.75099985415237,22.83709079710351,23.175710104718277,23.761431608301194
15.100000000000001,22.06559458689449,63.54826138384878,0.06499209124877361,-0.5233932846418757,0.980966933782442,16.90576448240551,16.303381512626416,-15.126475507003134,23.372531748641464,22.51828165410229,22.417450107021374,22.814343184664363
15.200000000000001,21.861415343635468,62.90422443699547,0.11923989487295122,-0.5082280222162159,0.9318609227271507,22.230710973701164,14.101404383519295,19.346245010463477,22.949652712440994,22.851841761388968,22.92831760033242,22.7610084874174
15.3,22.044786629975153,61.85994065045827,0.06162233322122187,-0.41022872222983586,1.011740996704163,9.16240141448229,10.437234887148819,7.2905406327602975,22.31980621956581,22.925858164076264,23.006068186076032,22.63610068863869
15.4,22.057666155870695,61.97383336647197,0.053812363561707995,-0.5137072299410961,0.9650042077949645,-0.14126179957863627,-23.191980973761893,-10.704660538041994,23.253164955485275,22.79553098893196,23.42973681999065,23.183150170255168
15.5,21.856697244773443,60.96294795545982,0.004354549153850924,-0.3377935988949986,1.000048633635757,5.892362010060694,-9.84358220273357,15.797346948430864,22.608156215021147,22.61541281690736,22.3518856895891,22.802924179949503
15.600000000000001,22.373038342688883,61.91925062283318,-0.01142572576796737,-0.44777013812107835,0.9758934524321324,18.44524922393591,-11.844371504457857,18.0684998181718,23.614259372679715,22.932402130979387,21.657135399864366,22.605191046864125
15.700000000000001,22.094765950046025,61.621051609597345,-0.020672317641089216,-0.46606449286671414,0.9784177135411897,3.530487331941483,-6.993179626424045,17.3257169345139,23.286073354987344,23.03083038852925,22.92759394660296,23.38257574161069
15.8,21.76165459355695,62.20403672412781,0.008678822959082557,-0.5209404588638954,0.9809336122026405,-23.48064701515816,-20.617862661808072,20.946326681977723,22.663828258084028,22.40659738537039,23.562961488951867,23.41059821815298
15.9,22.13094195199535,61.025357952296446,-0.044087966744154376,-0.44556847155682544,0.9764199258771303,21.54743477534889,21.847891151553142,-12.387948991331921,23.343457096589514,23.395423503793978,23.326629093071244,22.59088112559999
16.0,21.804210872037544,62.34287036666418,-0.020535743211727405,-0.5117715475108762,0.9814415580306298,9.476337551578055,2.6901120356188137,12.752096437313917,22.846078625266934,22.779501168142268,22.902800187165823,22.072320440511728
16.1,22.155880189591272,63.32686337069632,0.05677381984975251,-0.4791383717149713,1.0012293061427984,8.82566928886233,-9.723784467098822,-1.9730251362929998,23.147525838291834,22.813956217420884,22.609761893990125,23.209421844177715
16.2,22.22929860274253,61.655632003768595,-0.015392921075480591,-0.3593266286354424,0.9664693723697343,-14.216242380114142,-5.150924146285828,17.099927644503076,22.987385323240144,23.076777965624977,23.116341234977277,22.519640266018353
16.3,21.832359485084922,62.13604011499408,-0.08717969014348274,-0.4940679527026838,0.9810874971770309,7.944273511632858,-2.639872974758216,11.424533858080657,22.441623104356275,22.873452218858024,22.390747286470837,23.096416006017733
16.400000000000002,22.18788798848721,62.3940786445321,-0.02271882425453941,-0.43357687600348016,0.9563940736181626,-5.306779717292077,5.029716668030865,13.822372324986233,22.509019064389655,23.14769365088194,22.95698210505913,21.978397470231908
16.5,22.076286242295136,61.271991949404374,-0.11505118513702678,-0.5278158553352362,1.0015839907355848,7.561648852074605,0.7839713848248877,7.8080918840535745,23.164298192877894,22.86716353192616,22.95450192951208,23.109352801165155
16.6,22.15646001183197,61.86625568549639,-0.20838368166340906,-0.49586333379564357,0.9374090458844496,-19.670348484600463,20.96959866072087,-16.12856152651466,22.603882273090896,22.492817456077336,23.161876368933065,22.2533236342212
16.7,22.36952529615115,61.62338092219554,-0.16866921930667214,-0.40687066409673156,1.0110758042214398,7.8922652301518,-0.15182585470848764,2.2513459448469177,22.56141732334922,22.86747811872846,23.82674072421045,23.01518235627263
16.8,21.93900878119558,61.6767660103755,-0.22354464428372084,-0.5278953266439484,0.9552164728599902,24.97068628853333,24.607900741165636,24.233486976225407,22.325519890077853,22.25007843888933,22.8645353086891,22.713278148952167
16.900000000000002,21.835060069316736,60.77405914429482,-0.15926886662020417,-0.4068999468550162,0.9128988137853213,-22.5893980569722,17.571247887254785,21.869403324855945,22.861310875980468,22.735295132053693,22.488285799460083,22.310295481984426
17.0,21.805426734979832,61.53923731366531,-0.15240374225662146,-0.46294898608524954,0.9590936645358945,23.858709211065865,-14.57447428213321,-22.841313210149416,23.500795920557398,22.662493956602354,22.66555622798334,22.512971427689425
17.1,21.81749155131923,61.98006442158156,-0.08107293658011053,-0.5271126730624527,0.9342754145648189,-4.654601963856468,21.52976073219581,-16.759259213528143,22.23230218172201,22.576068604514703,21.95168498546807,22.933842730206397
17.2,21.962359190126584,62.90023110911746,-0.16005261876113247,-0.46786003054548814,0.979411009632189,18.537672516862955,-19.181680105726194,-18.413561327271903,22.65214958784165,22.591046800596974,22.36457655273692,22.684819586418637
17.3,22.042938074364763,62.37506369439672,-0.19878764190222561,-0.4511819509615906,0.9341263513513164,14.119274202913672,15.872485424559578,11.298995499264777,23.19011597515375,21.872488134788522,22.461514777742334,22.85899294517657
17.400000000000002,22.02677651753711,63.53536632024531,-0.15772083387326627,-0.4688864973148224,0.9398618681256342,3.3508130493333894,-5.968835326170996,15.889266492847256,22.575759116044267,22.388125709446168,22.397980313368716,23.39819190634875
17.5,22.133408543555078,60.58091456853564,-0.32102670206416617,-0.5784935652301939,0.896132668456586,11.922460462566328,18.898716022253474,-14.324431684466404,22.770576818446518,22.626766060403067,22.650570048760112,21.963931455262202
17.6,21.96690901265082,62.18634997326004,-0.20988384722125822,-0.5361825319360292,0.9388507067280518,18.925778065067398,18.402834505372518,0.2926346475914485,22.1463102141204,22.635210182178113,22.242299652426272,23.218152655366602
17.7,22.251155761007553,61.46282916121923,-0.19422729107068987,-0.5118830096858044,0.8793342584432376,-4.79298391744835,15.296270005881055,17.035151400559997,22.72385973159982,22.141466836346375,23.00094915964655,22.594279267726044
17.8,21.903461846968497,63.434440214025855,-0.3177127335756424,-0.5027483182030733,0.9041942622643964,-8.648341921838064,14.501521815353072,11.640077238312529,22.458580893150756,23.039721735498457,22.533521425119854,22.173924979823322
17.900000000000002,22.49617567728297,60.401183134803034,-0.19751107952980335,-0.4673509304422705,0.9742146742164396,8.379669278179236,-9.76604304509796,2.111860274592413,22.90826749307982,22.167505555522073,22.51025536635243,21.981850044512278
18.0,22.072828731309393,60.33429945398023,-0.24858744560219076,-0.4886959016152524,0.9746974988762701,15.39229709706293,-20.95403584743739,4.517384522938645,22.969104802961947,22.88193326254674,22.362992495730882,22.418502226025236
18.1,21.771622400361377,60.53886600091161,-0.29698394459243926,-0.5633833740639835,0.9636390267801067,13.11425673883079,-4.850991061741926,0.4180273458139965,23.509791573326485,22.644843861267713,22.536042390062633,22.842626161288823
18.2,21.724039758148688,58.97829949879495,-0.2551772543758915,-0.4764805687545093,0.9216485227809618,14.890682442931727,-16.323774250674568,-10.122577434058972,22.685278873141677,22.194934679918724,22.7834649097233,22.402405955705234
18.3,22.02968326671523,60.54007777182812,-0.18376378085988715,-0.46367494464198633,0.9490398108032797,-3.2208342593533494,9.747554445123086,3.2510996429508054,22.56285032877886,23.1426561591898,22.085679715861634,23.036993774244934
18.400000000000002,21.88327343523973,60.2700404777661,-0.2985682716605097,-0.46476836226310986,0.9502073736456098,15.891710808751078,-7.695013673110722,9.44426510250453,22.489041440690563,21.933832987357036,22.148041124429525,21.830817444039006
18.5,22.065350504769018,61.14261184332943,-0.3054906552300792,-0.43711285189138477,0.9154398586998997,-18.98954723146958,23.780510042995743,18.666145793040386,22.248429899583986,22.757358086152262,22.268206005197595,22.38486083756984
18.6,22.011590091072538,61.296725332677966,-0.35098267321858473,-0.4476906550359082,0.9951992271150706,2.2244548980424774,7.0486038672666,6.814567698962403,22.503154538586937,22.767993928419454,21.829412631812975,21.866803623437015
18.7,21.896577251174513,62.79359970385728,-0.3804885889334616,-0.464504076366143,0.9763558130425136,-24.712066975093922,16.124028181718046,13.0560768521579,22.22732406814795,22.077236548572902,22.017781488314963,22.49093738525355
18.8,21.735793644929508,61.83002225773763,-0.30632612781003354,-0.4888897496909634,0.943374911906905,-8.770708504986484,-18.373766362907578,-16.99641825227135,22.390254907978647,22.87985663749653,22.13238216805294,22.67762547350972
18.900000000000002,21.59600178479209,60.264576219653215,-0.40035452558010204,-0.5661906352359938,0.9508105510625359,-6.676923256430108,18.10072411363113,-1.9221262790105058,22.826960927640606,22.199903307557843,22.649677585682515,22.131617195925003
19.0,21.803297184961423,59.9046604283862,-0.3635364227046619,-0.4592662680735202,0.9562868447896576,-5.191365419537231,21.137859525669718,-24.533419008645335,21.874025098430913,22.39211957625471,22.381666656143537,21.234956581891915
19.1,22.057319621444716,61.2563051461412,-0.400415166185832,-0.4678116272614744,0.8888459254302699,9.773360334493105,-0.646904059053206,-12.666056773918848,22.708985927607813,22.357163238664683,22.33047046770321,22.332613761874793
19.200000000000003,21.92210969619669,59.405181188754796,-0.361850253945026,-0.4619109710247905,0.9427764480825901,-5.5720949364827135,5.312646887548873,11.32308575565024,22.755948475630333,22.17537895210617,22.569461633561577,22.40379786938779
19.3,21.623206348890214,62.5176210386107,-0.3782287767985957,-0.5364671883682701,0.9298571687161816,-2.5653188688734687,13.24049004514977,24.59049756746817,22.157621996535415,22.52917271659576,22.149900691972086,22.366567309316526
19.400000000000002,21.899866213214636,61.826071649644874,-0.35198956219324246,-0.5236693053827807,0.920424072904817,-13.122793456283627,-16.258068636979374,-20.041095020639204,21.331536911861168,22.49767435968549,22.336464811436162,22.674591748193468
19.5,21.934982905953504,60.13764844917101,-0.4381605154531218,-0.4137934028500066,0.9422265944276993,-6.337410418532997,0.1283038231721214,-4.925284206935586,21.912265584369607,21.455981589912106,22.11410567803438,21.72697290734776
19.6,21.673651554336107,58.85360741127782,-0.43478152000315207,-0.4651122443054909,1.0048079651742692,-13.636518636842426,-5.066848611384344,15.003548434957978,22.648997332508493,22.651935611035313,22.236344453643902,22.40228595606423
19.700000000000003,21.873486633571897,61.88025938438583,-0.47868552726349806,-0.4255928413178275,0.970351121406433,-21.34020381157782,-17.681300391887547,-14.798218268555058,22.095550678592137,21.43970110829742,21.871594440467057,22.581700908502878
19.8,21.846517654252818,60.37122144296176,-0.46024967950738555,-0.4546364185829831,0.934269476836425,5.172429669068894,-6.623278885423428,2.754247465114311,21.67917232736016,22.49191170201479,21.103366356967555,21.36745818667552
19.900000000000002,21.598232663116328,61.68268307697628,-0.42728245871432236,-0.45080123464995475,0.9688917113211583,8.410639927750815,-21.59138453072532,11.65356480148374,21.85087921152186,22.50347123474418,21.999077515138623,22.180649910380737
